RiskCluster,taux_approbation,risque_moyen,dti_moyen,nb_clients
0,0.05028203062046736,57.339532634971796,0.453825117184741,6205
1,0.040035003281557645,51.570225333625025,0.18118259747547308,9142
2,0.8815817751987964,40.423124865678055,0.266996952267017,4653
